Workbook

Sheet Curricular Complexity
B1: Bridgewater | C1: Fitchburg | D1: Framingham | E1: MCLA | F1: Salem | G1: UMass Amherst | H1: UMass Boston | I1: UMass Dartmouth | J1: UMass Lowell | K1: Westfield | L1: Worcester
A2: Resident | B2: 160 | C2: 138 | D2: 139 | E2: 160 | F2: 157 | G2: 185 | H2: 169 | I2: 202 | J2: 143 | K2: 150 | L2: 105
A3: Berkshire | E3: 210 | K3: 197
A4: Bristol | B4: 165 | H4: 170 | I4: 170
A5: Bunker Hill | B5: 180 | C5: 179 | D5: 181 | F5: 164 | H5: 192 | J5: 169
A6: Cape Cod | B6: 113 | I6: 183
A7: Greenfield | E7: 218 | G7: 191 | K7: 154
A8: Holyoke | G8: 210 | K8: 177
A9: Massasoit
A10: MassBay | B10: 108 | C10: 102 | D10: 186 | F10: 140 | H10: 181 | J10: 157 | L10: 104
A11: Middlesex | C11: 122 | D11: 196 | F11: 195 | H11: 203 | J11: 174 | L11: 118
A12: Mount Wachusett | C12: 119 | D12: 182 | L12: 128
A13: North Shore | B13: 129 | D13: 186 | F13: 128 | H13: 204 | J13: 162
A14: Northern Essex | F14: 211 | H14: 201 | J14: 215
A15: Quinsigamond | C15: 120 | D15: 179 | J15: 159 | L15: 96
A16: Roxbury
A17: Springfield Technical | G17: 219 | K17: 180 | L17: 135
A18: Max | B18: =MAX(B3:B17) -> 180 | C18: =MAX(C3:C17) -> 179 | D18: =MAX(D3:D17) -> 196 | E18: =MAX(E3:E17) -> 218 | F18: =MAX(F3:F17) -> 211 | G18: =MAX(G3:G17) -> 219 | H18: =MAX(H3:H17) -> 204 | I18: =MAX(I3:I17) -> 183 | ... L18: =MAX(L3:L17) -> 135
A19: Upper Quartile | B19: =QUARTILE(B3:B17, 3) -> 165 | C19: =QUARTILE(C3:C17, 3) -> 122 | D19: =QUARTILE(D3:D17, 3) -> 186 | E19: =QUARTILE(E3:E17, 3) -> 216 | F19: =QUARTILE(F3:F17, 3) -> 195 | G19: =QUARTILE(G3:G17, 3) -> 214.5 | H19: =QUARTILE(H3:H17, 3) -> 202.5 | I19: =QUARTILE(I3:I17, 3) -> 179.75 | ... L19: =QUARTILE(L3:L17, 3) -> 128
A20: Median | B20: =MEDIAN(B3:B17) -> 129 | C20: =MEDIAN(C3:C17) -> 120 | D20: =MEDIAN(D3:D17) -> 184 | E20: =MEDIAN(E3:E17) -> 214 | F20: =MEDIAN(F3:F17) -> 164 | G20: =MEDIAN(G3:G17) -> 210 | H20: =MEDIAN(H3:H17) -> 196.5 | I20: =MEDIAN(I3:I17) -> 176.5 | ... L20: =MEDIAN(L3:L17) -> 118
A21: Lower Quartile | B21: =QUARTILE(B3:B17, 1) -> 113 | C21: =QUARTILE(C3:C17, 1) -> 119 | D21: =QUARTILE(D3:D17, 1) -> 181.25 | E21: =QUARTILE(E3:E17, 1) -> 212 | F21: =QUARTILE(F3:F17, 1) -> 140 | G21: =QUARTILE(G3:G17, 1) -> 200.5 | H21: =QUARTILE(H3:H17, 1) -> 183.75 | I21: =QUARTILE(I3:I17, 1) -> 173.25 | ... L21: =QUARTILE(L3:L17, 1) -> 104
A22: Min | B22: =MIN(B7:B21) -> 108 | C22: =MIN(C7:C21) -> 102 | D22: =MIN(D7:D21) -> 179 | E22: =MIN(E7:E21) -> 212 | F22: =MIN(F7:F21) -> 128 | G22: =MIN(G7:G21) -> 191 | H22: =MIN(H7:H21) -> 181 | I22: =MIN(I7:I21) -> 173.25 | ... L22: =MIN(L7:L21) -> 96
B23: =B2-B20 -> 31 | C23: =C2-C20 -> 18 | D23: =D2-D20 -> -45 | E23: =E2-E20 -> -54 | F23: =F2-F20 -> -7 | G23: =G2-G20 -> -25 | H23: =H2-H20 -> -27.5 | I23: =I2-I20 -> 25.5 | ... L23: =L2-L20 -> -13 | M23: =MEDIAN(B23:L23) -> -22.5
A28: Mapped
A29: Ready to Upload
A30: Havent Gotten To
A31: Have degree, not pair
A32: Cannot get degree

Sheet Cost
B1: Bridgewater | C1: Fitchburg | D1: Framingham | E1: MCLA | F1: Salem | G1: UMass Amherst | H1: UMass Boston | I1: UMass Dartmouth | J1: UMass Lowell | K1: Westfield | L1: Worcester
A2: Resident | B2: =('Credit Hours'!B2 -120)* $B$23 -> 0 | C2: =('Credit Hours'!C2-120) * $C$23 -> 0 | D2: =('Credit Hours'!D2 -120)* $D$23 -> 993.33333 | E2: =('Credit Hours'!E2 -120)* $E$23 -> 0 | F2: =('Credit Hours'!F2-120) * $F$23 -> 514.1 | G2: =('Credit Hours'!G2-120) * $G$23 -> 740.5 | H2: =('Credit Hours'!H2-120) * $H$23 -> 0 | I2: =('Credit Hours'!I2-120) * $I$23 -> 0 | J2: =('Credit Hours'!J2-120) * $J$23 -> 706.91667 | K2: =('Credit Hours'!K2-120) * $K$23 -> 0 | L2: =('Credit Hours'!L2-120) * $L$23 -> 0
A3: Berkshire | E3: =('Credit Hours'!E3 -120)* $E$23 -> 13201.5 | K3: =('Credit Hours'!K3-120) * $K$23 -> 15970.167
A4: Bristol | B4: =('Credit Hours'!B4 -120)* $B$23 -> 4889.1667 | H4: =('Credit Hours'!H4-120) * $H$23 -> 18085.167 | I4: =('Credit Hours'!I4-120) * $I$23 -> 7806
A5: Bunker Hill | B5: =('Credit Hours'!B5 -120)* $B$23 -> 14178.583 | C5: =('Credit Hours'!C5-120) * $C$23 -> 2836.5 | D5: =('Credit Hours'!D5 -120)* $D$23 -> 17383.333 | F5: =('Credit Hours'!F5-120) * $F$23 -> 4626.9 | H5: =('Credit Hours'!H5-120) * $H$23 -> 4173.5 | J5: =('Credit Hours'!J5-120) * $J$23 -> 2827.6667
A6: Cape Cod | B6: =('Credit Hours'!B6 -120)* $B$23 -> 5378.0833 | I6: =('Credit Hours'!I6-120) * $I$23 -> 10408
A7: Greenfield | E7: =('Credit Hours'!E7 -120)* $E$23 -> 13709.25 | G7: =('Credit Hours'!G7-120) * $G$23 -> 1481 | K7: =('Credit Hours'!K7-120) * $K$23 -> 7212.3333
A8: Holyoke | G8: =('Credit Hours'!G8-120) * $G$23 -> 3702.5 | K8: =('Credit Hours'!K8-120) * $K$23 -> 12364
A9: Massasoit | B9: =('Credit Hours'!B9 -120)* $B$23 -> 2444.5833 | D9: =('Credit Hours'!D9 -120)* $D$23 -> 11920 | F9: =('Credit Hours'!F9-120) * $F$23 -> 3598.7 | H9: =('Credit Hours'!H9-120) * $H$23 -> 14607.25 | I9: =('Credit Hours'!I9-120) * $I$23 -> 20165.5
A10: MassBay | B10: =('Credit Hours'!B10 -120)* $B$23 -> 5867 | C10: =('Credit Hours'!C10-120) * $C$23 -> 0 | D10: =('Credit Hours'!D10 -120)* $D$23 -> 20860 | F10: =('Credit Hours'!F10-120) * $F$23 -> 2570.5 | H10: =('Credit Hours'!H10-120) * $H$23 -> 4869.0833 | J10: =('Credit Hours'!J10-120) * $J$23 -> 3534.5833 | L10: =('Credit Hours'!L10-120) * $L$23 -> 3928.6667
A11: Middlesex | C11: =('Credit Hours'!C11-120) * $C$23 -> 0 | D11: =('Credit Hours'!D11 -120)* $D$23 -> 19370 | F11: =('Credit Hours'!F11-120) * $F$23 -> 11310.2 | H11: =('Credit Hours'!H11-120) * $H$23 -> 15302.833 | J11: =('Credit Hours'!J11-120) * $J$23 -> 1413.8333 | L11: =('Credit Hours'!L11-120) * $L$23 -> 3437.5833
A12: Mount Wachusett | C12: =('Credit Hours'!C12-120) * $C$23 -> 2363.75 | D12: =('Credit Hours'!D12 -120)* $D$23 -> 16390 | L12: =('Credit Hours'!L12-120) * $L$23 -> 5893
A13: North Shore | B13: =('Credit Hours'!B13 -120)* $B$23 -> 6355.9167 | D13: =('Credit Hours'!D13 -120)* $D$23 -> 16886.667 | F13: =('Credit Hours'!F13-120) * $F$23 -> 3084.6 | H13: =('Credit Hours'!H13-120) * $H$23 -> 16694 | J13: =('Credit Hours'!J13-120) * $J$23 -> 4241.5
A14: Northern Essex | F14: =('Credit Hours'!F14-120) * $F$23 -> 5655.1 | H14: =('Credit Hours'!H14-120) * $H$23 -> 24345.417 | J14: =('Credit Hours'!J14-120) * $J$23 -> 15552.167
A15: Quinsigamond | C15: =('Credit Hours'!C15-120) * $C$23 -> 0 | D15: =('Credit Hours'!D15 -120)* $D$23 -> 12913.333 | J15: =('Credit Hours'!J15-120) * $J$23 -> 1413.8333 | L15: =('Credit Hours'!L15-120) * $L$23 -> 0
A16: Roxbury | B16: =('Credit Hours'!B16 -120)* $B$23 -> 17112.083 | C16: =('Credit Hours'!C16-120) * $C$23 -> 14182.5 | D16: =('Credit Hours'!D16 -120)* $D$23 -> 18873.333 | F16: =('Credit Hours'!F16-120) * $F$23 -> 16451.2 | H16: =('Credit Hours'!H16-120) * $H$23 -> 27127.75 | J16: =('Credit Hours'!J16-120) * $J$23 -> 22621.333 | L16: =('Credit Hours'!L16-120) * $L$23 -> 12277.083
A17: Springfield Technical | G17: =('Credit Hours'!G17-120) * $G$23 -> 8145.5 | K17: =('Credit Hours'!K17-120) * $K$23 -> 7212.3333 | L17: =('Credit Hours'!L17-120) * $L$23 -> 5893
A18: Median | B18: =MEDIAN(B3:B17) -> 5867 | C18: =MEDIAN(C3:C17) -> 1181.875 | D18: =MEDIAN(D3:D17) -> 17135 | E18: =MEDIAN(E3:E17) -> 13455.375 | F18: =MEDIAN(F3:F17) -> 4626.9 | G18: =MEDIAN(G3:G17) -> 3702.5 | H18: =MEDIAN(H3:H17) -> 15998.417 | I18: =MEDIAN(I3:I17) -> 10408 | ... L18: =MEDIAN(L3:L17) -> 4910.8333
A19: Diff from Median | B19: =B18-B2 -> 5867 | C19: =C18-C2 -> 1181.875 | D19: =D18-D2 -> 16141.667 | E19: =E18-E2 -> 13455.375 | F19: =F18-F2 -> 4112.8 | G19: =G18-G2 -> 2962 | H19: =H18-H2 -> 15998.417 | I19: =I18-I2 -> 10408 | ... L19: =L18-L2 -> 4910.8333
A22: Cost / Year | B22: 11734 | C22: 11346 | D22: 11920 | E22: =1030+11156 -> 12186 | F22: 12338.4 | G22: 17772 | H22: 16694 | I22: 15612 | J22: =16246+720 -> 16966 | K22: 12364 | L22: 11786
A23: Cost / Credit | B23: =B22/24 -> 488.91667 | C23: =C22/24 -> 472.75 | D23: =D22/24 -> 496.66667 | E23: =E22/24 -> 507.75 | F23: =F22/24 -> 514.1 | G23: =G22/24 -> 740.5 | H23: =H22/24 -> 695.58333 | I23: =I22/24 -> 650.5 | ... L23: =L22/24 -> 491.08333

Sheet Credit Hours
B1: Bridgewater | C1: Fitchburg | D1: Framingham | E1: MCLA | F1: Salem | G1: UMass Amherst | H1: UMass Boston | I1: UMass Dartmouth | J1: UMass Lowell | K1: Westfield | L1: Worcester
A2: Resident | B2: 120 | C2: 120 | D2: 122 | E2: 120 | F2: 121 | G2: 121 | H2: 120 | I2: 120 | J2: 121 | K2: 120 | L2: 120
A3: Berkshire | E3: 146 | K3: 151
A4: Bristol | B4: 130 | H4: 146 | I4: 132
A5: Bunker Hill | B5: 149 | C5: 126 | D5: 155 | F5: 129 | H5: 126 | J5: 124
A6: Cape Cod | B6: 131 | I6: 136
A7: Greenfield | E7: 147 | G7: 122 | K7: 134 | N7: 4ys avg | O7: transfer avg
A8: Holyoke | G8: 125 | K8: 144 | M8: Avg | N8: =SUM(B2:L2) / COUNT(B2:L2) -> 120.45455 | O8: =SUM(B3:L17) / COUNT(B3:L17) -> 137.19672
A9: Massasoit | B9: 125 | D9: 144 | F9: 127 | H9: 141 | I9: 151 | M9: Median | N9: =MEDIAN(B2:M2) -> 120 | O9: =MEDIAN(B3:L17) -> 133
A10: MassBay | B10: 132 | C10: 120 | D10: 162 | F10: 125 | H10: 127 | J10: 125 | L10: 128
A11: Middlesex | C11: 120 | D11: 159 | F11: 142 | H11: 142 | J11: 122 | L11: 127
A12: Mount Wachusett | C12: 125 | D12: 153 | L12: 132
A13: North Shore | B13: 133 | D13: 154 | F13: 126 | H13: 144 | J13: 126
A14: Northern Essex | F14: 131 | H14: 155 | J14: 142
A15: Quinsigamond | C15: 120 | D15: 146 | J15: 122 | L15: 120
A16: Roxbury | B16: 155 | C16: 150 | D16: 158 | F16: 152 | H16: 159 | J16: 152 | L16: 145
A17: Springfield Technical | G17: 131 | K17: 134 | L17: 132
A18: Max | B18: =MAX(B3:B17) -> 155 | C18: =MAX(C3:C17) -> 150 | D18: =MAX(D3:D17) -> 162 | E18: =MAX(E3:E17) -> 147 | F18: =MAX(F3:F17) -> 152 | G18: =MAX(G3:G17) -> 131 | H18: =MAX(H3:H17) -> 159 | I18: =MAX(I3:I17) -> 151 | ... L18: =MAX(L3:L17) -> 145
A19: Upper Quartile | B19: =QUARTILE(B3:B17, 3) -> 141 | C19: =QUARTILE(C3:C17, 3) -> 125.75 | D19: =QUARTILE(D3:D17, 3) -> 158.25 | E19: =QUARTILE(E3:E17, 3) -> 146.75 | F19: =QUARTILE(F3:F17, 3) -> 136.5 | G19: =QUARTILE(G3:G17, 3) -> 128 | H19: =QUARTILE(H3:H17, 3) -> 148.25 | I19: =QUARTILE(I3:I17, 3) -> 143.5 | ... L19: =QUARTILE(L3:L17, 3) -> 132
A20: Median | B20: =MEDIAN(B3:B17) -> 132 | C20: =MEDIAN(C3:C17) -> 122.5 | D20: =MEDIAN(D3:D17) -> 154.5 | E20: =MEDIAN(E3:E17) -> 146.5 | F20: =MEDIAN(F3:F17) -> 129 | G20: =MEDIAN(G3:G17) -> 125 | H20: =MEDIAN(H3:H17) -> 143 | I20: =MEDIAN(I3:I17) -> 136 | ... L20: =MEDIAN(L3:L17) -> 130 | M20: =MEDIAN(B20:L20) -> 132
A21: Lower Quartile | B21: =QUARTILE(B3:B17, 1) -> 130.5 | C21: =QUARTILE(C3:C17, 1) -> 120 | D21: =QUARTILE(D3:D17, 1) -> 151.25 | E21: =QUARTILE(E3:E17, 1) -> 146.25 | F21: =QUARTILE(F3:F17, 1) -> 126.5 | G21: =QUARTILE(G3:G17, 1) -> 123.5 | H21: =QUARTILE(H3:H17, 1) -> 137.5 | I21: =QUARTILE(I3:I17, 1) -> 134 | ... L21: =QUARTILE(L3:L17, 1) -> 127.25
A22: Min | B22: =MIN(B7:B21) -> 125 | C22: =MIN(C7:C21) -> 120 | D22: =MIN(D7:D21) -> 144 | E22: =MIN(E7:E21) -> 146.25 | F22: =MIN(F7:F21) -> 125 | G22: =MIN(G7:G21) -> 122 | H22: =MIN(H7:H21) -> 127 | I22: =MIN(I7:I21) -> 134 | ... L22: =MIN(L7:L21) -> 120
B23: =B20-B2 -> 12 | C23: =C20-C2 -> 2.5 | D23: =D20-D2 -> 32.5 | E23: =E20-E2 -> 26.5 | F23: =F20-F2 -> 8 | G23: =G20-G2 -> 4 | H23: =H20-H2 -> 23 | I23: =I20-I2 -> 16 | ... L23: =L20-L2 -> 10 | M23: =MEDIAN(B23:L23) -> 12
A25: Mapped
A26: Ready to Upload
A27: Havent Gotten To
A28: Have degree, not pair
A29: Cannot get degree

Sheet % Credit Hours
B1: Bridgewater | C1: Fitchburg | D1: Framingham | E1: MCLA | F1: Salem | G1: UMass Amherst | H1: UMass Boston | I1: UMass Dartmouth | J1: UMass Lowell | K1: Westfield | L1: Worcester
A2: Resident | B2: 1 | C2: 1 | D2: 1 | E2: 1 | F2: 1 | G2: 1 | H2: 1 | I2: 1 | J2: 1 | K2: 1 | L2: 1
A3: Berkshire | E3: =25/65 -> 0.38461538 | K3: =28/65 -> 0.43076923
A4: Bristol | B4: =51/69 -> 0.73913043 | H4: =40/69 -> 0.57971014 | I4: =54/69 -> 0.7826087
A5: Bunker Hill | B5: =31/61 -> 0.50819672 | C5: =50/61 -> 0.81967213 | D5: =17/61 -> 0.27868852 | F5: =43/61 -> 0.70491803 | H5: =31/61 -> 0.50819672 | J5: =61/61 -> 1
A6: Cape Cod | B6: =52/69 -> 0.75362319 | I6: =47/69 -> 0.68115942
A7: Greenfield | E7: =23/62 -> 0.37096774 | G7: =59/62 -> 0.9516129 | K7: =43/62 -> 0.69354839
A8: Holyoke | G8: =31/64 -> 0.484375 | K8: =35/64 -> 0.546875
A9: Massasoit | B9: =65/65 -> 1 | D9: =36/65 -> 0.55384615 | F9: =46/65 -> 0.70769231 | H9: =40/65 -> 0.61538462 | I9: =35/65 -> 0.53846154
A10: MassBay | B10: =58/68 -> 0.85294118 | C10: =68/68 -> 1 | D10: =23/68 -> 0.33823529 | F10: =48/68 -> 0.70588235 | H10: =35/68 -> 0.51470588 | J10: =68/68 -> 1 | L10: =51/68 -> 0.75
A11: Middlesex | C11: =57/60 -> 0.95 | D11: =20/60 -> 0.33333333 | F11: =32/60 -> 0.53333333 | H11: =38/60 -> 0.63333333 | J11: =60/60 -> 1 | L11: =49/60 -> 0.81666667
A12: Mount Wachusett | C12: =57/63 -> 0.9047619 | D12: =26/63 -> 0.41269841 | L12: =44/63 -> 0.6984127
A13: North Shore | B13: =57/64 -> 0.890625 | D13: =22/64 -> 0.34375 | F13: =53/64 -> 0.828125 | H13: =33/64 -> 0.515625 | J13: =64/64 -> 1
A14: Northern Essex | F14: =44/64 -> 0.6875 | H14: =31/64 -> 0.484375 | J14: =47/64 -> 0.734375
A15: Quinsigamond | C15: =60/60 -> 1 | D15: =23/60 -> 0.38333333 | J15: =60/60 -> 1 | L15: =60/60 -> 1
A16: Roxbury | B16: =27/64 -> 0.421875 | C16: =26/64 -> 0.40625 | D16: =17/64 -> 0.265625 | F16: =24/64 -> 0.375 | H16: =27/64 -> 0.421875 | J16: =33/64 -> 0.515625 | L16: =36/64 -> 0.5625
A17: Springfield Technical | G17: =35/63 -> 0.55555556 | K17: =42/63 -> 0.66666667 | L17: =38/63 -> 0.6031746
A18: Max | B18: =MAX(B3:B17) -> 1 | C18: =MAX(C3:C17) -> 1 | D18: =MAX(D3:D17) -> 0.55384615 | E18: =MAX(E3:E17) -> 0.38461538 | F18: =MAX(F3:F17) -> 0.828125 | G18: =MAX(G3:G17) -> 0.9516129 | H18: =MAX(H3:H17) -> 0.63333333 | I18: =MAX(I3:I17) -> 0.7826087 | ... L18: =MAX(L3:L17) -> 1
A19: Upper Quartile | B19: =QUARTILE(B3:B17, 3) -> 0.87178309 | C19: =QUARTILE(C3:C17, 3) -> 0.9875 | D19: =QUARTILE(D3:D17, 3) -> 0.3906746 | E19: =QUARTILE(E3:E17, 3) -> 0.38120347 | F19: =QUARTILE(F3:F17, 3) -> 0.70678733 | G19: =QUARTILE(G3:G17, 3) -> 0.75358423 | H19: =QUARTILE(H3:H17, 3) -> 0.58862876 | I19: =QUARTILE(I3:I17, 3) -> 0.73188406 | ... L19: =QUARTILE(L3:L17, 3) -> 0.8
A20: Median | B20: =MEDIAN(B3:B17) -> 0.75362319 | C20: =MEDIAN(C3:C17) -> 0.92738095 | D20: =MEDIAN(D3:D17) -> 0.34099265 | E20: =MEDIAN(E3:E17) -> 0.37779156 | F20: =MEDIAN(F3:F17) -> 0.70491803 | G20: =MEDIAN(G3:G17) -> 0.55555556 | H20: =MEDIAN(H3:H17) -> 0.51516544 | I20: =MEDIAN(I3:I17) -> 0.68115942 | ... L20: =MEDIAN(L3:L17) -> 0.72420635 | M20: =MEDIAN(B20:L20) -> 0.68115942
A21: Lower Quartile | B21: =QUARTILE(B3:B17, 1) -> 0.62366358 | C21: =QUARTILE(C3:C17, 1) -> 0.84094457 | D21: =QUARTILE(D3:D17, 1) -> 0.31967213 | E21: =QUARTILE(E3:E17, 1) -> 0.37437965 | F21: =QUARTILE(F3:F17, 1) -> 0.61041667 | G21: =QUARTILE(G3:G17, 1) -> 0.51996528 | H21: =QUARTILE(H3:H17, 1) -> 0.50224129 | I21: =QUARTILE(I3:I17, 1) -> 0.60981048 | ... L21: =QUARTILE(L3:L17, 1) -> 0.62698413
A22: Min | B22: =MIN(B3:B17) -> 0.421875 | C22: =MIN(C3:C17) -> 0.40625 | D22: =MIN(D3:D17) -> 0.265625 | E22: =MIN(E3:E17) -> 0.37096774 | F22: =MIN(F3:F17) -> 0.375 | G22: =MIN(G3:G17) -> 0.484375 | H22: =MIN(H3:H17) -> 0.421875 | I22: =MIN(I3:I17) -> 0.53846154 | ... L22: =MIN(L3:L17) -> 0.5625

Sheet old % Credit Hours
B1: Bridgewater | C1: Fitchburg | D1: Framingham | E1: MCLA | F1: Salem | G1: UMass Amherst | H1: UMass Boston | I1: UMass Dartmouth | J1: UMass Lowell | K1: Westfield | L1: Worcester
A2: Resident | B2: 1 | C2: 1 | D2: 1 | E2: 1 | F2: 1 | G2: 1 | H2: 1 | I2: 1 | J2: 1 | K2: 1 | L2: 1
A3: Berkshire | E3: =25/65 -> 0.38461538 | K3: =28/65 -> 0.43076923
A4: Bristol | B4: =51/69 -> 0.73913043 | H4: =40/69 -> 0.57971014 | I4: =69/69 -> 1
A5: Bunker Hill | B5: =31/61 -> 0.50819672 | C5: =50/61 -> 0.81967213 | D5: =17/61 -> 0.27868852 | F5: =43/61 -> 0.70491803 | H5: =31/61 -> 0.50819672 | J5: =61/61 -> 1
A6: Cape Cod | B6: =52/69 -> 0.75362319 | I6: =62/69 -> 0.89855072
A7: Greenfield | E7: =23/62 -> 0.37096774 | G7: =59/62 -> 0.9516129 | K7: =43/62 -> 0.69354839
A8: Holyoke | G8: =35/64 -> 0.546875 | K8: =35/64 -> 0.546875
A9: Massasoit | B9: =65/65 -> 1 | D9: =36/65 -> 0.55384615 | F9: =47/65 -> 0.72307692 | H9: =40/65 -> 0.61538462 | I9: =32/65 -> 0.49230769
A10: MassBay | B10: =58/68 -> 0.85294118 | C10: =68/68 -> 1 | D10: =23/68 -> 0.33823529 | F10: =44/68 -> 0.64705882 | H10: =35/68 -> 0.51470588 | J10: =68/68 -> 1 | L10: =51/68 -> 0.75
A11: Middlesex | C11: =57/60 -> 0.95 | D11: =20/60 -> 0.33333333 | F11: =32/60 -> 0.53333333 | H11: =38/60 -> 0.63333333 | J11: =60/60 -> 1 | L11: =49/60 -> 0.81666667
A12: Mount Wachusett | C12: =56/63 -> 0.88888889 | D12: =26/63 -> 0.41269841 | L12: =44/63 -> 0.6984127
A13: North Shore | B13: =57/64 -> 0.890625 | D13: =28/64 -> 0.4375 | F13: =53/64 -> 0.828125 | H13: =33/64 -> 0.515625 | J13: =64/64 -> 1
A14: Northern Essex | F14: =44/64 -> 0.6875 | H14: =31/64 -> 0.484375 | J14: =47/64 -> 0.734375
A15: Quinsigamond | C15: =60/60 -> 1 | D15: =31/60 -> 0.51666667 | J15: =60/60 -> 1 | L15: =60/60 -> 1
A16: Roxbury | B16: =27/64 -> 0.421875 | C16: =26/64 -> 0.40625 | D16: =23/64 -> 0.359375 | F16: =27/64 -> 0.421875 | H16: =27/64 -> 0.421875 | J16: =33/64 -> 0.515625 | L16: =36/64 -> 0.5625
A17: Springfield Technical | G17: =35/63 -> 0.55555556 | K17: =42/63 -> 0.66666667 | L17: =38/63 -> 0.6031746
A18: Max | B18: =MAX(B3:B17) -> 1 | C18: =MAX(C3:C17) -> 1 | D18: =MAX(D3:D17) -> 0.55384615 | E18: =MAX(E3:E17) -> 0.38461538 | F18: =MAX(F3:F17) -> 0.828125 | G18: =MAX(G3:G17) -> 0.9516129 | H18: =MAX(H3:H17) -> 0.63333333 | I18: =MAX(I3:I17) -> 1 | ... L18: =MAX(L3:L17) -> 1
A19: Upper Quartile | B19: =QUARTILE(B3:B17, 3) -> 0.87178309 | C19: =QUARTILE(C3:C17, 3) -> 0.9875 | D19: =QUARTILE(D3:D17, 3) -> 0.45729167 | E19: =QUARTILE(E3:E17, 3) -> 0.38120347 | F19: =QUARTILE(F3:F17, 3) -> 0.71399748 | G19: =QUARTILE(G3:G17, 3) -> 0.75358423 | H19: =QUARTILE(H3:H17, 3) -> 0.58862876 | I19: =QUARTILE(I3:I17, 3) -> 0.94927536 | ... L19: =QUARTILE(L3:L17, 3) -> 0.8
A20: Median | B20: =MEDIAN(B3:B17) -> 0.75362319 | C20: =MEDIAN(C3:C17) -> 0.91944444 | D20: =MEDIAN(D3:D17) -> 0.38603671 | E20: =MEDIAN(E3:E17) -> 0.37779156 | F20: =MEDIAN(F3:F17) -> 0.6875 | G20: =MEDIAN(G3:G17) -> 0.55555556 | H20: =MEDIAN(H3:H17) -> 0.51516544 | I20: =MEDIAN(I3:I17) -> 0.89855072 | ... L20: =MEDIAN(L3:L17) -> 0.72420635 | M20: =MEDIAN(B20:L20) -> 0.6875
A21: Lower Quartile | B21: =QUARTILE(B3:B17, 1) -> 0.62366358 | C21: =QUARTILE(C3:C17, 1) -> 0.83697632 | D21: =QUARTILE(D3:D17, 1) -> 0.3370098 | E21: =QUARTILE(E3:E17, 1) -> 0.37437965 | F21: =QUARTILE(F3:F17, 1) -> 0.59019608 | G21: =QUARTILE(G3:G17, 1) -> 0.55121528 | H21: =QUARTILE(H3:H17, 1) -> 0.50224129 | I21: =QUARTILE(I3:I17, 1) -> 0.69542921 | ... L21: =QUARTILE(L3:L17, 1) -> 0.62698413
A22: Min | B22: =MIN(B3:B17) -> 0.421875 | C22: =MIN(C3:C17) -> 0.40625 | D22: =MIN(D3:D17) -> 0.27868852 | E22: =MIN(E3:E17) -> 0.37096774 | F22: =MIN(F3:F17) -> 0.421875 | G22: =MIN(G3:G17) -> 0.546875 | H22: =MIN(H3:H17) -> 0.421875 | I22: =MIN(I3:I17) -> 0.49230769 | ... L22: =MIN(L3:L17) -> 0.5625
